Heading,Price
"Apple iPhone XR (128GB) - Black","54,900"
"Apple iPhone XR (64GB) - Black","49,900"
"Apple iPhone 7 (32GB) - Black","29,499"
"Apple iPhone 6s (128GB) - Gold","25,499"
"Apple iPhone Xs Max (256GB) - Gold","99,900"
"Apple iPhone Xs Max (64GB) - Gold","70,499"
"Apple iPhone 6s (128GB) - Space Grey","26,499"
"Apple iPhone XR (128GB) - White","54,900"
"Apple iPhone XR (128GB) (Product) RED","54,900"
"Apple iPhone 6s Plus (32GB) - Silver","26,499"
"Apple iPhone Xs (512GB) - Gold","78,900"
"Apple iPhone 7 (32GB) - Rose Gold","29,499"
"Apple iPhone XR (128GB) - Coral","54,900"
"Apple iPhone 6s (32GB) - Rose Gold","25,499"
"Apple iPhone 6s (32GB) - Space Grey","25,299"
"Apple iPhone 8 Plus (256GB) - Gold","47,499"
"Apple iPhone XR (128GB) - Blue","54,900"
"Apple iPhone 6s (128GB) - Rose Gold","26,499"
"VRS Design Case for Apple iPhone 7 (4.7" Inch) Crystal Bumper Steel Silver Color","1,499"
"VRS Design Case for Apple iPhone 7 (4.7" Inch) Layered Dandy Genuine Classic Leather Wallet Finish Coffee Brown Color","1,499"
"OnePlus 7T (Frosted Silver, 8GB RAM, Fluid AMOLED Display, 128GB Storage, 3800mAH Battery)","34,999"
"Apple iPhone 8 Plus (64GB) - Space Grey","49,500"
"Apple iPhone X (64GB) - Silver","86,999"
"Nillkin Case for Apple iPhone Xs (5.8" Inch) Super Frosted Hard Back Cover Hard PC with Logo Cutout Brown Color","599"
"Apple iPhone XR (256GB) - Blue","64,900"
"Apple iPhone XR (256GB) - Yellow","64,900"
"Apple iPhone X (64GB) - Space Grey","69,999"
"Apple iPhone XR (256GB) - White","64,900"
"Apple iPhone XR (256GB) - Black","64,900"
"Apple iPhone XR (256GB) (Product) RED","64,900"
"OnePlus 7T Pro (Haze Blue, 8GB RAM, Fluid AMOLED Display, 256GB Storage, 4085mAH Battery)","47,999"
"Apple iPhone 8 (Gold, 256GB)","42,999"
"Apple iPhone 8 Plus (256GB) - Silver","47,499"
"Apple iPhone Xs (512GB) - Space Grey","89,900"
"Apple iPhone Xs Max (64GB) - Space Grey","70,499"
"VRS Design Case for Apple iPhone 7 (4.7" Inch) Layered Dandy Genuine Classic Leather Wallet Finish Black Wine Color","1,999"
"Apple iPhone 6s (32GB) - Silver","25,499"
"VRS Design Case for Apple iPhone 7 (4.7" Inch) Layered Dandy Genuine Classic Leather Wallet Finish Red Wine Color","1,999"
"Apple iPhone 8 (Space Grey, 256GB)","42,999"
"Apple iPhone Xs (512GB) - Silver","78,900"
"Apple iPhone 8 Plus (256GB) - Space Grey","49,500"
"Samsung Galaxy M30s (Blue, 4GB RAM, 64GB Storage)","14,999"
"Anik by Eapp AppleCare Protection Plan for iPhone (No Physical Kit)","4,399"
"Apple iPhone 6s (32GB) - Gold","25,499"
"Apple iPhone Xs (256GB) - Gold","1,01,900"
"Apple iPhone 8 Plus (Red, 256GB)","50,290"
"VRS Design Case for Apple iPhone 7 Plus (5.5" Inch) Crystal Bumper Steel Silver Color","1,499"
"X-Fitted Diamond icon pro pc case(GOLD) for iPhone 6/6s","1,125"
"Nillkin Case for Apple iPhone 11 Pro Max (6.5" Inch) Nature Series Back Soft Flexible TPU White Color","999"
"Apple iPhone 6s Plus (32GB) - Gold","27,499"
"VRS Design Case for Apple iPhone Xs (5.8" Inch) Crystal Bumper Metal Finish Satin Silver Color","1,799"
"Nillkin Case for Apple iPhone Xs (5.8" Inch) Defender 2 II Hard Shock Proof & Absorb Army Type Tough Fall Dual Black Color with Logo Cut","745"
"Nillkin Tempered Glass for Apple iPhone 7 (4.7" Inch) 3D XD CP+ Max Glass 0.1mm Thin Edge Shaterproof Full Screen Coverage Explosion Proof Screen Protect White Color","1,799"
"Apple iPhone 6 (Gold, 1GB RAM, 32GB Storage)","29,998"
"Nillkin Case for Apple iPhone 11 (6.1" Inch) Qin Genuine Classic Leather Flip Folio Brown Color + Card Slot","1,499"
"Nillkin Screen Guard for Apple iPhone 11 Pro (5.8" Inch) Super Clear Scratch Proof Protect Simple Set Version","299"
"Nillkin Case for Apple iPhone 11 Pro Max (6.5" Inch) Super Frosted Hard Back Cover PC Without Logo Cut Black Color","1,099"
"Apple iPhone 8 (Silver, 256GB)","42,999"
"CAMS Cases Apple iPhone Xs / 10s Slim Series Ultra Thin Back Cover Case, 0.3 mm, Thinfit, Matt Finish, Fingerprint & Scratch Resistant (Black)","699"
"CAMS Cases Apple iPhone Xs / 10s Slim Series Ultra Thin Back Cover Case, 0.3 mm, Thinfit, Matt Finish, Fingerprint & Scratch Resistant (Blue)","699"
"Nillkin Case for Apple iPhone 11 (6.1" Inch) CamShield Camera Close & Open Case Protect Pink Color PC Finish","1,499"
"Apple iPhone Xs Max (64GB) - Silver","70,499"
"VRS Design Case for Apple iPhone XR (6.1" Inch) High Pro Shield Metal Lustre Finish Metal Black Color","1,499"
"CASEME Bolt Series for iPhone 11 Pro Max Back Cover Case - Heavy-Duty Military-Grade Drop Protection with Kickstand Included Belt Clip Holster - 6.5" 2019, Black (iPhone 11 Pro Max (6.5 inch))","799"
"Nillkin Case for Apple iPhone 11 Pro Max (6.5" Inch) Super Frosted Hard Back Cover PC with Logo Cut Black Color","660"
"Nillkin Case for Apple iPhone 11 Pro Max (6.5" Inch) Qin Genuine Classic Leather Flip Folio Black Color + Card Slot","1,499"
"Nillkin Case for Apple iPhone 11 Pro (5.8" Inch) Super Frosted Hard Back Cover PC with Logo Cut Red Color","799"
"Nillkin Case for Apple iPhone 11 Pro Max (6.5" Inch) Soft TPU Rubber Wrapped Protective Case Black Color","1,699"
"OnePlus 7T (Glacier Blue, 8GB RAM, Fluid AMOLED Display, 128GB Storage, 3800mAH Battery)","34,999"
"Nillkin Case for Apple iPhone 11 Pro Max (6.5" Inch) Nature Series Back Soft Flexible TPU Grey Color","999"
"Samsung Galaxy M30s (Opal Black, 4GB RAM, 64GB Storage)","14,999"
"iPhone X STransparent Reinforced Bumper case","1,999"
"Redmi Note 8 (Space Black, 4GB RAM, 64GB Storage)","10,999"
"Nillkin Case for Apple iPhone 11 (6.1" Inch) Flex Pure Case Liquid Silicon Finish Anti Finger Print with Inner Microfibre Green Color","1,999"
"Nillkin Case for Apple iPhone 11 Pro Max (6.5" Inch) Soft TPU Rubber Wrapped Protective Case Blue Color","1,699"
"Camsols Santa Barbara Polo and Racquet Club Elegant Savanna Back Case Cover for Apple iPhone 11 Pro Max","1,290"
"OnePlus 7 Pro (Mirror Grey, 8GB RAM, Fluid AMOLED Display, 256GB Storage, 4000mAH Battery)","42,999"
"Nillkin Case for Apple iPhone 11 Pro (5.8" Inch) Super Frosted Hard Back Cover PC with Logo Cut Mint Green Color","799"
"OPPO F11 (Marble Green, 6GB RAM, 128GB Storage) with No Cost EMI/Additional Exchange Offers","14,990"
"Nillkin Case for Apple iPhone 11 Pro Max (6.5" Inch) Qin Genuine Classic Leather Flip Folio White Color + Card Slot","1,799"
"Nillkin Case for Apple iPhone 11 Pro (5.8" Inch) Super Frosted Hard Back Cover PC with Logo Cut Peacock Blue Color","799"
"Nillkin Case for Apple iPhone 11 Pro Max (6.5" Inch) Super Frosted Hard Back Cover PC with Logo Cut Red Color","775"
"Nillkin Case for Apple iPhone 11 Pro Max (6.5" Inch) Soft TPU Rubber Wrapped Protective Case Red Color","1,699"
"Nillkin Tempered Glass for Apple iPhone 7 Plus (5.5" Inch) 3D XD CP+ Max Glass 0.1mm Thin Edge Shaterproof Full Screen Coverage Explosion Proof Screen Protect White Color","1,499"
"Nillkin Tempered Glass for Apple iPhone 8 Plus (5.5" Inch) 3D AP+ Pro Edge Shaterproof Full Screen Coverage Explosion Proof Screen Protect Black Color","1,499"
"Nillkin Frosted Ultra Thin Hard Plastic Matte Back Cover Case for Apple iPhone 11 Pro Max- Dark Green (with Logo Cutout)","799"
"Nillkin Case for Apple iPhone Xs (5.8" Inch) Air Case PC Material Matte Finish Ventilated Scratch Resist with Logo Cut Black Color","1,299"
"Nillkin Case for Apple iPhone 11 Pro Max (6.5" Inch) Super Frosted Hard Back Cover PC with Logo Cut Peacock Blue Color","799"
"Nillkin Case for Apple iPhone 11 Pro Max (6.5" Inch) Nature Series Back Soft Flexible TPU Gold Color","999"
"Nillkin Case for Apple iPhone 11 Pro (5.8" Inch) Super Frosted Hard Back Cover PC with Logo Cut Black Color","1,099"
"Nillkin Tempered Glass for Apple iPhone 11 Pro Max (6.5" Inch) 3D CP+ Max Glass 0.1mm Thin Edge Shaterproof Full Screen Coverage Explosion Proof Screen Protect Black Color","2,499"
"Nillkin Case for Apple iPhone 11 (6.1" Inch) Flex Pure Case Liquid Silicon Finish Anti Finger Print with Inner Microfibre Black Color","1,799"
"Nillkin Case for Apple iPhone 11 Pro Max (6.5" Inch) Textured Series Nylon Fiber Tough & Durable PC + TPU Material Luxury Protect Red","1,999"
"Santa Barbara Polo & Racquet Club ® Elegant Savana Back Case Cover for Apple iPhone 11 Pro","1,499"
"Apple iPhone 8 Plus (Red, 64GB)","47,499"
"Nillkin Tempered Glass for Apple iPhone 11 Pro (5.8" Inch) 3D XD CP+ Max Glass 0.1mm Thin Edge Shaterproof Full Screen Coverage Explosion Proof Screen Protect Black Color","1,999"
"Nillkin Case for Apple iPhone 11 Pro Max (6.5" Inch) Super Frosted Hard Back Cover PC with Logo Cut Mint Green Color","799"
"Joyroom Frameless Ultra-Thin Ring Design PC Crystal Matte Back Case for iPhone 11 (Blue, iPhone 11)","199"
"Poco F1 by Xiaomi (Steel Blue, 6GB RAM, SD 845, 128GB Storage) - 6 Month No Cost EMI","14,999"
"Anik by Eapp AppleCare Plus Protection Plan for iPhone (6s+ | 7+ | 8+ | XR | 11 | No Physical Kit) - 2 Years","14,149"
"Otterbox Case for Apple iPhone X/XS (5.8") Symmetry Precise Fit PC Play The Field","1,399"
"Apple iPhone 7 Plus (128GB) - Rose Gold","42,900"
"Nillkin Tempered Glass for Apple iPhone 11 Pro Max (6.5" Inch) Amazing H+ Pro Explosion Proof Screen Protect + Camera Film","1,299"
"Samsung Galaxy M20 (Ocean Blue , 4GB RAM, 64GB Storage, 5000mAH Battery)","11,499"
"Nillkin Frosted Ultra Thin Hard Plastic Matte Back Cover Case for Apple iPhone 11 Pro- Dark Green (with Logo Cutout)","799"
"Planetcart Santa Barbara Polo and Racquet Club Elegant Kohen Back Case Cover for Apple iPhone X/Xs (White)","1,099"
"Nillkin 2 Pieces CLRFilm Camera Tempered Glass for Apple iPhone 11 Black","1,499"
"Planetcart Santa Barbara Polo and Racquet Club Elegant Xavier Back Case Cover for Apple iPhone X/Xs (Black)","1,099"
"Elago Charging Hub [Classic White] - [3 in 1 Charging Dock] - for iPhone X, 8, 8 Plus, 7, 7 Plus, and More; Apple AirPods 2 2019 Version; All Series Apple Watch","2,900"
"Planetcart Santa Barbara Polo and Racquet Club Elegant Marble Back Case Cover for Apple iPhone Xs Max (White)","1,099"
"OPPO Reno2 F (Lake Green, 8GB RAM, 128GB Storage) with No Cost EMI/Additional Exchange Offers","23,490"
"Nillkin Case for Apple iPhone 11 Pro Max (6.5" Inch) CamShield Camera Close & Open Case Protect Dark Green Color PC Finish","1,999"
"Nillkin Tempered Glass for Apple iPhone 11 Pro Max (6.5" Inch) Super T+ Pro 0.15mm Thinnest Explosion Proof Screen Protect","1,999"
"Nillkin Case for Apple iPhone 11 Pro Max (6.5" Inch) Flex Pure Case Liquid Silicon Finish Anti Finger Print with Inner Microfibre Black Color","1,999"
"Xiaomi Mi A3 (Not Just Blue, 4GB RAM, 64GB Storage) - 6 Month No Cost EMI","12,999"
"V COM Glass Back Cover for I Phone 7g and i Phone 8G in Black & White Colour","299"
"Honor 20i (Midnight Black, 128GB Storage, Triple AI Camera)","10,999"
"OnePlus 7T (Glacier Blue, 8GB RAM, Fluid AMOLED Display, 256GB Storage, 3800mAH Battery)","37,999"
"Nillkin Screen Guard for Apple iPhone 7 Plus (5.5" Inch) Super Clear Scratch Proof Protect Whole Set Version Front + Camera Back Film","499"
"Nillkin Case for Apple iPhone 11 (6.1" Inch) Nature Series Back Soft Flexible TPU Green Color","999"
"Nillkin Case for Apple iPhone 11 (6.1" Inch) Nature Series Back Soft Flexible TPU Gold Color","999"
"Nillkin Case for Apple iPhone X (5.8" Inch) Flex Pure Case Liquid Silicon Finish Anti Finger Print with Inner Microfibre Lining Black Color","1,299"
"Planetcart Santa Barbara Polo and Racquet Club Elegant Marble Back Case Cover for Apple iPhone X/Xs (White)","1,099"
"Nillkin Case for Apple iPhone 11 Pro (5.8" Inch) Super Frosted Hard Back Cover PC Without Logo Cut Black Color","799"
"Apple iPhone Xs (256GB) - Silver","1,01,900"
"Apple iPhone Xs (256GB) - Space Grey","1,01,900"
"Nillkin Screen Guard for Apple iPhone 11 Pro Max (6.5" Inch) Super Clear Scratch Proof Protect Whole Set Version Front + Back Panel Film + Camera Film","899"
"Nillkin Case for Apple iPhone Xs (5.8" Inch) Qin Genuine Classic Leather Flip Folio PC Brown Color","699"
"Vivo U10 (Electric Blue, 5000 mAH 18W Fast Charge Battery, 3GB RAM, 32GB Storage)","9,990"
"Xiaomi Mi A3 (Kind of Grey, 4GB RAM, 64GB Storage) - 6 Month No Cost EMI","12,999"
"Samsung Galaxy M10s (Metallic Blue, 3GB RAM, Super AMOLED Display, 32GB Storage, 4000mAH Battery)","8,999"
"Nillkin Screen Guard for Apple iPhone 7 Whole Set Version Matte Anti Glare Front + Camera Back","599"
"Redmi Note 8 (Moonlight White, 4GB RAM, 64GB Storage)","10,999"
"Nillkin Frosted Shield Ultra Thin Hard Plastic Back Cover Case for Apple iPhone 11 (Red)","775"
"VRS Design Case for Apple iPhone 8 Plus (5.5" Inch) Layered Dandy Genuine Classic Leather Wallet Finish Brown Color","1,999"
"Nillkin India Frosted Shield Ultra Thin Hard Plastic Back Cover Case for Apple iPhone X/XS (Black)","399"
"Vivo V17 Pro (Glacier Ice, 8GB RAM, 128GB Storage) with No Cost EMI/Additional Exchange Offers","25,191"
"Redmi Note 8 Pro (Shadow Black, 8GB RAM, 128GB Storage with Helio G90T Processor) - 6 Months No Cost EMI","18,999"
"SBA999 ABM405 M4 Bluetooth Wireless Smart Fitness Band for Boys/Men/Kids/Women | Sports Watch Compatible with Xiaomi, Oppo, Vivo Mobile Phone | Heart Rate and BP Monitor, Calories Counter","444"
"Nillkin Tempered Glass for Apple iPhone 11 Pro (5.8" Inch) 3D AP+ Max Privacy Protector Tempered Glass 3D Edge to Edge Protection Black Color","2,999"
"Laut Case for Apple iPhone 11 (6.1" Inch) Slimskin Frost","1,375"
"Laut Case for Apple iPhone 11 Pro Max (6.5" Inch) Slimskin Electri Coral","1,375"
"Anik by Eapp AppleCare Plus Protection Plan for iPhone (X | XS | XS MAX | 11 PRO | 11 MAX | No Physical Kit) - 2 Years","18,799"
"Nillkin Screen Guard for Apple iPhone 11 Pro Max (6.5" Inch) Whole Set Version Matte Anti Glare Front + Back Panel Clear Film + Camera Sticker","899"
"Nillkin Case for Apple iPhone 11 Pro (5.8" Inch) Qin Genuine Classic Leather Flip Folio Black Color + Card Slot","1,499"
"Samsung Galaxy M30s (Opal Black, 6GB RAM, 128GB Storage)","16,999"
"Santa Barbara Polo & Racquet Club ® Elegant Savana Genuine Leather Back Case Cover for Apple iPhone 11 (Wolf)","1,599"
"Nillkin Case for Apple iPhone 11 Pro (5.8" Inch) Flex Pure Case Liquid Silicon Finish Anti Finger Print with Inner Microfibre Blue Color","1,999"
"Joyroom Frameless Ultra-Thin Ring Design PC Crystal Matte Back Case for iPhone 11 (Black, iPhone 11 Pro)","199"
"Xiaomi Mi A3 (Not Just Blue, 6GB RAM, 128GB Storage)","14,999"
"Nillkin Case for Apple iPhone X (5.8" Inch) Flex Pure Case Liquid Silicon Finish Anti Finger Print with Inner Microfibre Lining Red Color","1,999"
"Nillkin Case for Apple iPhone 11 Pro (5.8" Inch) Qin Genuine Classic Leather Flip Folio White Color + Card Slot","1,799"
"Redmi K20 Pro (Pearl White, 6GB RAM, 128GB Storage) - 12 Month No Cost EMI","25,999"
"SBA999-A004 Cell Phone Holder| Lazy Mobile Phone| Mount Stand Universal Lazy Bracket Hanging/On Neck Rotating Multiple/Functions","276"
"Nillkin Case for Apple iPhone Xs (5.8" Inch) Flex Pure Case Liquid Silicon Finish Anti Finger Print with Inner Microfibre Lining Black Color","1,299"
"Nillkin Case for Apple iPhone 11 Pro (5.8" Inch) Qin Genuine Classic Leather Flip Folio White Color + Card Slot","1,799"
"Redmi K20 Pro (Pearl White, 6GB RAM, 128GB Storage) - 12 Month No Cost EMI","25,999"
"Nillkin Case for Apple iPhone Xs (5.8" Inch) Flex Pure Case Liquid Silicon Finish Anti Finger Print with Inner Microfibre Lining Black Color","1,299"
"Nillkin Case for Apple iPhone Xs Max (6.5" Inch) Flex Pure Case Liquid Silicon Finish Anti Finger Print with Inner Microfibre Lining Blue Color","1,799"
"Planetcart Santa Barbara Polo and Racquet Club Elegant Xavier Back Case Cover for Apple iPhone X/Xs (Brown)","1,499"
"Nillkin Tempered Glass for Apple iPhone 8 Plus (5.5" Inch) Super T+ Pro 0.15mm Thinnest Explosion Proof Screen Protect","999"
"Nillkin Case for Apple iPhone 11 (6.1" Inch) Super Frosted Hard Back Cover PC Without Logo Cut Red Color","1,199"
"Elago Charging Hub - [3 in 1 Charging Dock] - for iPhone X, 8, 8 Plus, 7, 7 Plus, and More; Apple AirPods 2 2019 Version; All Series Apple Watch","2,900"
"OnePlus 7 (Mirror Grey, 8GB RAM, Optic AMOLED Display, 256GB Storage, 3700mAH Battery)","34,999"
"ESR Foldable Wireless Charger, Shift Fast Wireless Charging Stand & Pad, Fast-Charging Compatible with Galaxy S20/S20+/S20 Ultra/Note10, iPhone 11/11 Pro/11 Pro Max/XS, 5W for Pixel 3/4, White","3,999"
"Nillkin Case for Apple iPhone Xs (5.8" Inch) Air Case PC Material Matte Finish Ventilated Scratch Resist with Logo Cut Red Color","1,299"
"Nillkin Case for Apple iPhone X (5.8" Inch) Air Case PC Material Matte Finish Ventilated Scratch Resist with Logo Cut Red Color","1,299"
"CAMS Cases Rock Elegant Origin Series Leather Back Case Cover for Apple iPhone X/XS (Classic Black)","899"
"Redmi K20 Pro (Carbon Black, 6GB RAM, 128GB Storage) - 12 Month No Cost EMI","26,374"
"Nillkin Case for Apple iPhone 11 Pro (5.8" Inch) Nature Series Back Soft Flexible TPU White Color","999"
"Nillkin Screen Guard for Apple iPhone 11 Pro Max (6.5" Inch) Whole Set Version Bright Diamond Screen Film + Back Panel Clear Film + Camera Sticker","999"
"Nillkin Case for Apple iPhone 11 Pro (5.8" Inch) Flex Pure Case Liquid Silicon Finish Anti Finger Print with Inner Microfibre Green Color","1,999"
"Nillkin Case for Apple iPhone 11 (6.1" Inch) CamShield Camera Close & Open Case Protect Dark Green Color PC Finish","1,999"
"Planetcart Santa Barbara Polo and Racquet Club Elegant Marble Back Case Cover for Apple iPhone Xs Max (Black)","1,099"
"Nokia 6.1 Plus (Black, 6GB RAM, 64GB Storage)","12,510"
"Laut Case for Apple iPhone 11 (6.1" Inch) Crystal Matter (IMPKT) Qi Wireless Charger Compatible Acid Yellow Color","2,099"
"Nillkin Case for Apple iPhone 11 Pro (5.8" Inch) Flex Pure Case Liquid Silicon Finish Anti Finger Print with Inner Microfibre Black Color","1,999"
"Otterbox Case for Apple iPhone X/XS (5.8" Inch) Pursuit Series Case with Drop Shock Protection Black & Clear Colour","4,999"
"Nillkin Case for Apple iPhone X (5.8" Inch) Flex Pure Case Liquid Silicon Finish Anti Finger Print with Inner Microfibre Lining Blue Color","1,299"
"Laut Case for Apple iPhone 11 Pro (5.8" Inch) Crystal-X IMPKT Qi Wireless Charger Compatible Crystal Color","1,750"
"Nillkin Case for Apple iPhone X (5.8" Inch) Sparkle Leather Flip Folio Book Type PC White Color","799"
"Nillkin Tempered Glass for Apple iPhone 11 Pro (5.8" Inch) 3D AP+ Pro Edge Shaterproof Full Screen Coverage Explosion Proof Screen Protect Black Color","2,499"
"Samsung Galaxy M31 (Space Black, 6GB RAM, 128GB Storage)","16,999"
"Nillkin Case for Apple iPhone 7 Plus Nature Series Back Soft Flexible TPU Gold","799"
"Laut Case for Apple iPhone 11 Pro (5.8" Inch) Liquid Glitter Unicorn Qi Wireless Charger Compatible","2,699"
"SBA999-A001 Metal Lazy Stand Bracket Mobile Phone Stand | Flexible | Portable - Foldable | 360 Degree | Gooseneck Long Arm Clip-((Color May Vary)","276"
"Samsung Galaxy M30 (Gradation Blue, 4GB RAM, Super AMOLED Display, 64GB Storage, 5000mAH Battery)","12,999"
"Nillkin Case for Apple iPhone 11 (6.1" Inch) Flex Pure Case Liquid Silicon Finish Anti Finger Print with Inner Microfibre Blue Color","1,999"
"Nillkin Screen Guard for Apple iPhone 11 (6.1" Inch) Whole Set Version Bright Diamond Screen Film + Back Panel Clear Film + Camera Sticker","999"
"Nillkin Tempered Glass for Apple iPhone 11 (6.1" Inch) Super T+ Pro 0.15mm Thinnest Explosion Proof Screen Protect","1,699"
"Nillkin Case for Apple iPhone 11 Pro Max (6.5" Inch) Flex Pure Case Liquid Silicon Finish Anti Finger Print with Inner Microfibre Blue Color","1,999"
"Nillkin Case for Apple iPhone Xs Max (6.5" Inch) Qin Genuine Classic Leather Flip Folio Red Color","899"
"Nillkin Screen Guard for Apple iPhone 11 (6.1" Inch) Super Clear Scratch Proof Protect Whole Set Version Front + Camera Film","799"
"Nillkin Case for Apple iPhone 11 Pro (5.8" Inch) Nature Series Back Soft Flexible TPU Grey Color","999"
"Samsung Galaxy M40 (Midnight Blue, 6GB RAM, 128GB Storage)","17,999"
"CASEME Dark Series for iPhone 11 Pro Max Back Cover Case - Heavy-Duty Drop Protection with Kickstand Included Belt Clip Holster - 6.5" 2019, Black","799"
"OPPO Reno3 Pro (Midnight Black, 8GB RAM, 128GB Storage) with No Cost EMI/Additional Exchange Offers","31,990"
"VRS Design Case for Apple iPhone 7 (4.7" Inch) High Pro Shield Metal Lustre Finish Metal Black Color","1,499"
"TUNE BELT Neoprene Armband Case Fits OtterBox Defender for iPhone 6S and 6 Plus, Note 5/4 and More (Black)","985"
"Micromax iOne Notch (2+16) GB Black with Face Lock","3,987"
"Nillkin Case for Apple iPhone 11 Pro Max (6.5" Inch) Qin Genuine Classic Leather Flip Folio Red Color + Card Slot","1,599"
"Nillkin Case for Apple iPhone 11 Pro Max (6.5" Inch) Flex Pure Case Liquid Silicon Finish Anti Finger Print with Inner Microfibre Red Color","1,999"
"CASEME Bolt Series Back Cover for iPhone x, Back Cover for iPhone Xs - Heavy-Duty Military-Grade Drop Protection with Kickstand Included Belt Clip Holster - 5.8" Black","799"
